Video ID,Playlist Video Creation Timestamp
8lZ53Sx5oc0,2025-08-02T22:34:48+00:00
luBSm1SbR7g,2025-08-02T22:33:41+00:00
PwZEBE66an0,2025-08-02T22:33:35+00:00
RtY5FV5TrIU,2025-08-02T22:33:30+00:00
ZuKIUjw_tNU,2025-08-02T22:33:24+00:00
TDYa2pPMx0k,2025-08-02T21:46:50+00:00
K1a2Bk8NrYQ,2025-08-02T21:35:00+00:00
meatOKCg0b0,2025-08-02T21:29:05+00:00
D26sUZ6DHNQ,2025-08-02T19:50:17+00:00
fBayRA8o3yQ,2025-08-02T19:47:05+00:00
7FJ5LQNOPmc,2025-08-02T19:46:55+00:00
3tIqpEmWMLI,2025-08-02T19:00:51+00:00
tNZnLkRBYA8,2025-08-02T18:57:51+00:00
LcJKxPXYudE,2025-08-02T18:04:21+00:00
bymQakvTY40,2025-08-02T18:02:37+00:00
s9JPjAdy8hI,2025-08-02T18:02:23+00:00
9CGYmmHZq9Q,2025-08-02T15:41:32+00:00
dqlO6_5rZSQ,2025-08-02T15:40:16+00:00
jMVhxBB3l0w,2025-08-02T09:38:23+00:00
GHZBa_R93ag,2025-08-02T09:32:23+00:00
oJYFRZ4cj2Q,2025-08-02T09:24:16+00:00
QSqK3AWcmwU,2025-08-01T22:28:36+00:00
yeatOU5vVsA,2025-08-01T19:53:23+00:00
RG69PCAslA0,2025-08-01T13:26:51+00:00
qjwjMA2SIFs,2025-08-01T13:26:35+00:00
mpgjmtDx_Xw,2025-07-31T20:25:24+00:00
S9UQItTpwUQ,2025-07-31T18:26:36+00:00
RlwVUaNirOM,2025-07-31T16:10:08+00:00
u8YujK0jTSM,2025-07-30T21:33:26+00:00
26Mayv5JPz0,2025-07-30T20:14:33+00:00
betxwPpX8Bw,2025-07-30T13:42:00+00:00
65-y9FaN--s,2025-07-30T00:18:10+00:00
h4ZQfr-q3EA,2025-07-29T23:00:33+00:00
g2hiVp6oPZc,2025-07-29T22:46:55+00:00
EivL-WsQQ_s,2025-07-28T14:56:49+00:00
C_IqVPmSiys,2025-07-28T14:56:34+00:00
0pwpP2QOW9g,2025-07-28T14:55:52+00:00
nw23GM79HcY,2025-07-28T14:54:35+00:00
ixee55xm_d8,2025-07-28T14:54:26+00:00
onF0x7F1P-Q,2025-07-28T14:53:40+00:00
S937YCHd61M,2025-07-28T14:53:35+00:00
Ci_o0HNzvZc,2025-07-28T14:53:23+00:00
FTzrT1QbGkw,2025-07-28T12:27:00+00:00
3X93PnKRNUo,2025-07-28T01:06:13+00:00
8bNsCBkX_bA,2025-07-27T10:08:45+00:00
KZeIEiBrT_w,2025-07-26T07:30:32+00:00
iv-5mZ_9CPY,2025-07-25T18:51:50+00:00
XJC5WB2Bwrc,2025-07-25T18:51:40+00:00
IwrvE-wHm84,2025-07-24T11:39:55+00:00
kbI7kRWAU-w,2025-07-24T10:32:10+00:00
uxMADW3CmN4,2025-07-24T10:32:01+00:00
nQdyiK7-VlQ,2025-07-24T10:31:46+00:00
Hej48pi_lOc,2025-07-24T10:31:42+00:00
M4NlXN0UFzY,2025-07-23T21:56:02+00:00
7wuaLanSqDs,2025-07-23T18:12:29+00:00
zTyRIe83CJY,2025-07-23T08:11:24+00:00
motX94ztOzo,2025-07-22T12:13:08+00:00
q1qKv5TBaOA,2025-07-22T12:12:38+00:00
to032deYr-Q,2025-07-21T20:23:09+00:00
gx_qorHxBpI,2025-07-21T11:09:28+00:00
 -_1OdtTsRAo,2025-07-20T23:17:05+00:00
4-k6j9g5Hzk,2025-07-20T22:07:03+00:00
EF3uyvHHBfM,2025-07-20T21:59:40+00:00
8SOtQwSf7A8,2025-07-20T21:43:22+00:00
OJoZSRnU0is,2025-07-19T22:18:46+00:00
DcYLT37ImBY,2025-07-19T18:27:53+00:00
Mv_UWf0eE9s,2025-07-19T16:50:34+00:00
21t4PDtvXeg,2025-07-18T22:23:37+00:00
4LwHH3r2qNY,2025-07-18T22:22:08+00:00
fS4Boj019To,2025-07-18T18:56:20+00:00
TYsPrXWgNS8,2025-07-18T14:03:40+00:00
VtwMBZEdxI0,2025-07-18T12:18:17+00:00
HIHucfCD16E,2025-07-17T21:41:28+00:00
2JgAv_gZ72w,2025-07-17T08:03:46+00:00
5KVDDfAkRgc,2025-07-16T22:29:31+00:00
1cr4aBrnOHU,2025-07-16T22:01:14+00:00
rMpLPYTxnEY,2025-07-16T11:51:47+00:00
sLstwIDT8Bg,2025-07-16T11:21:53+00:00
lxYFOM3UJzo,2025-07-16T11:21:11+00:00
4bFDPVe6BHs,2025-07-16T08:11:31+00:00
8gIhNSAXYcQ,2025-07-15T20:14:13+00:00
mz51QXwpvYk,2025-07-15T06:05:18+00:00
aUtFn-qS7Xk,2025-07-15T05:19:01+00:00
iOlehM5kNSk,2025-07-14T22:37:08+00:00
XF1_MlZ5l6M,2025-07-12T11:24:21+00:00
brDJVEPOeY8,2025-07-12T09:19:32+00:00
xJQ0qXh1-m0,2025-07-11T22:53:41+00:00
f3Rs20k-hcI,2025-07-11T19:52:08+00:00
CceepU1vIKo,2025-07-11T19:46:47+00:00
TTy8heMTN6Y,2025-07-11T17:19:16+00:00
0ap8SsB1oMY,2025-07-11T17:19:07+00:00
Oct4Oi-KfVQ,2025-07-11T17:14:53+00:00
U93RImC-by4,2025-07-11T17:14:49+00:00
gJFMzORWuSQ,2025-07-11T16:04:59+00:00
JOJ5zihcd6Q,2025-07-11T11:44:18+00:00
SV8uBtUHAkQ,2025-07-11T09:44:29+00:00
Z8peL2qirFE,2025-07-11T09:44:07+00:00
ehTIhQpj9ys,2025-07-11T09:09:48+00:00
0qtg-9M3peI,2025-07-11T09:06:21+00:00
T5gTIFhPDaY,2025-07-11T07:01:23+00:00
3mRvCF4qyTA,2025-07-10T22:18:53+00:00
p4Iz0XJY-Qk,2025-07-10T22:05:11+00:00
RR4FZ9L4AF4,2025-07-10T21:52:59+00:00
hwfu9a2E1UI,2025-07-10T21:27:18+00:00
RBoMcw9yWa0,2025-07-10T21:06:06+00:00
UMqNHi1GDAE,2025-07-10T18:37:30+00:00
JQoPuXAf92U,2025-07-10T13:54:08+00:00
ub1D6RQocRU,2025-07-10T10:13:24+00:00
RnuRUlrHipk,2025-07-10T10:13:16+00:00
WPT2BmkFFyo,2025-07-10T10:09:33+00:00
UZSmn3n3wqE,2025-07-10T09:50:50+00:00
htGfnF1zN4g,2025-07-09T21:05:25+00:00
V2OnQ8sLDFg,2025-07-09T20:44:33+00:00
X3pPAdQBKHo,2025-07-09T18:52:40+00:00
yP5DKzriqXA,2025-07-09T15:12:12+00:00
7CHgOWPx2WA,2025-07-09T14:35:47+00:00
O1pL5Anel80,2025-07-08T13:09:43+00:00
6CJiM3E2mAA,2025-07-08T13:09:34+00:00
8xv3_OZDgYg,2025-07-08T13:09:24+00:00
J39xY9JvF80,2025-07-07T20:06:31+00:00
6THelT7L8KU,2025-07-07T19:28:03+00:00
31vxE2hHfQw,2025-07-07T19:28:00+00:00
klX8b3SaFcQ,2025-07-07T19:27:34+00:00
S289nRn4jiM,2025-07-07T19:27:29+00:00
NE7_oFi57ic,2025-07-07T16:15:05+00:00
AB6sulUMRGE,2025-07-07T13:24:01+00:00
hfMk-kjRv4c,2025-07-06T08:40:17+00:00
oKbCaj1J6EI,2025-07-06T08:39:58+00:00
6d9A9DlI0WI,2025-07-05T11:33:57+00:00
LSMCJ9PVtHM,2025-07-05T11:33:52+00:00
2S_TXaGYD8E,2025-07-05T11:09:19+00:00
QFvqStqPCRU,2025-07-05T10:56:34+00:00
8CDCv_mtHig,2025-07-05T10:55:09+00:00
Lsh_0dz7p4U,2025-07-05T10:45:56+00:00
8csJTkF2S-o,2025-07-04T22:34:56+00:00
CIZB4TCY4MM,2025-07-04T22:03:18+00:00
5Es9DfnJK4Y,2025-07-04T22:02:57+00:00
fPlumnuhTco,2025-07-04T22:00:29+00:00
d3cMODi1CtU,2025-07-04T11:45:15+00:00
lUCYEJsGtDY,2025-07-04T11:42:45+00:00
ZH3iKbEiks0,2025-07-03T21:54:17+00:00
3rcka6P2cVI,2025-07-03T21:13:47+00:00
yp3NG4JvXus,2025-07-03T12:40:35+00:00
DlY8PsqmTRA,2025-07-03T12:34:11+00:00
JI85yt8yLVU,2025-07-03T12:34:06+00:00
V31VfV84FvY,2025-07-03T12:33:59+00:00
wr8gJMj3ODw,2025-07-02T03:47:15+00:00
KyhrqbfEgfA,2025-07-01T10:41:30+00:00
LkJpNLIaeVk,2025-07-01T10:41:25+00:00
MvzNaCLDbXI,2025-07-01T09:18:05+00:00
 -ybCiHPWKNA,2025-06-28T05:36:28+00:00
SmyPTnlqhlk,2025-06-27T10:17:08+00:00
9-DiGrnz8l8,2025-06-26T19:12:41+00:00
DeLh9BW5YY4,2025-06-25T18:40:12+00:00
XHN6LV_1dWk,2025-06-25T18:30:33+00:00
kLntZF5oD8g,2025-06-25T11:23:28+00:00
wdSPqru3NDo,2025-06-24T00:33:18+00:00
kYLJLJkVfLk,2025-06-23T18:19:48+00:00
eQOOx4mmY6I,2025-06-21T18:05:46+00:00
eawHgYNFn3Q,2025-06-21T07:24:58+00:00
hKxtQ0CUVFE,2025-06-21T01:07:47+00:00
llMFdIVBDBQ,2025-06-19T04:00:09+00:00
 -v5vCLLsqbA,2025-06-18T13:11:02+00:00
CWJTrghsZBQ,2025-06-17T01:48:48+00:00
9Vay7JdLA5s,2025-06-17T01:48:35+00:00
nr8biZfSZ3Y,2025-06-17T01:48:29+00:00
3HfJj5S_tbk,2025-06-15T18:11:56+00:00
nnt5_qWX0eg,2025-06-14T20:20:29+00:00
lO3Fvz06lzc,2025-06-14T20:18:40+00:00
cqL3jvlU61c,2025-06-14T20:17:23+00:00
sLqXFF8mlEU,2025-06-14T20:17:04+00:00
sr2-K6AaHNI,2025-06-14T12:45:42+00:00
NvZEZ-mZsuI,2025-06-14T12:45:30+00:00
kA3WSC8qrfI,2025-06-14T12:44:15+00:00
jGl_nZ7V0wE,2025-06-14T12:42:21+00:00
wqeGPX7TRv0,2025-06-14T12:42:13+00:00
GcNOlhGGhRI,2025-06-14T09:43:55+00:00
5nUlgfoVFoI,2025-06-12T15:58:58+00:00
xNydXZXZ1b4,2025-06-12T15:57:16+00:00
LFKZLXVO-Dg,2025-06-12T15:56:26+00:00
uctN47p_KVk,2025-06-12T15:56:11+00:00
NBmLFMN0fdw,2025-06-12T15:49:30+00:00
_CPxe8yql0Q,2025-06-11T19:34:37+00:00
WMr3eFHMTeQ,2025-06-11T16:20:13+00:00
s2B5Qj2gplI,2025-06-10T10:44:49+00:00
ehAStJmx_Fo,2025-06-10T10:39:09+00:00
cNywlNWan9o,2025-06-10T10:32:44+00:00
yIkoXlZB7VI,2025-06-10T08:28:46+00:00
HPBXr6Zdm4w,2025-06-10T08:28:35+00:00
ObEOK7HSq2E,2025-06-10T08:28:29+00:00
F8kx56OZQhg,2025-06-10T08:27:40+00:00
e87qKixKFME,2025-06-10T08:26:41+00:00
HPrqOIdNlrQ,2025-06-10T08:25:49+00:00
J6WqpIXvOq8,2025-06-09T00:16:36+00:00
6uAFg3-39fM,2025-06-08T12:34:30+00:00
00XOiggcQ8Q,2025-06-07T07:43:09+00:00
QUhC5BDZt-E,2025-06-07T07:42:34+00:00
lc5Np9OqDHU,2025-06-07T05:59:01+00:00
RLyhPGsEMz4,2025-06-06T12:33:59+00:00
b60oJMJ2hrE,2025-06-06T12:33:49+00:00
sCr_gb8rdEI,2025-06-06T05:39:41+00:00
ta99S6Fh53c,2025-06-04T09:04:15+00:00
v2JxdjTi_1I,2025-05-26T11:55:39+00:00
rnV9TgOqnX8,2025-05-26T01:28:04+00:00
9Qs5-_DOkVE,2025-05-26T01:27:29+00:00
LxvErFkBXPk,2025-05-25T07:55:10+00:00
8MUNWKQ9_9c,2025-05-25T07:54:55+00:00
Xfq5iyX7BLQ,2025-05-22T21:53:05+00:00
8DTe97F1gt8,2025-05-19T17:49:54+00:00
KHSI0Qu4ovQ,2025-05-18T21:19:54+00:00
uytukqDWXsg,2025-05-15T19:57:59+00:00
zSFjensCZFI,2025-05-15T19:57:19+00:00
1WWweyBaWZk,2025-05-15T09:51:29+00:00
K-NBcP0YUQI,2025-05-13T13:39:31+00:00
DaUHU2I-haA,2025-05-13T13:28:43+00:00
9l8V_eQ6wGQ,2025-05-13T13:27:18+00:00
1t1_a1BZ04o,2025-05-12T11:08:00+00:00
0Z9RW_hhUT4,2025-05-12T11:07:42+00:00
Sb0p1-TGjmc,2025-05-12T11:07:36+00:00
9ESTmjsHi3M,2025-05-12T11:07:17+00:00
tpmdvmcb6zQ,2025-05-12T11:07:06+00:00
TukzjC9uV0M,2025-05-12T11:06:58+00:00
bZa2uicOTAE,2025-05-11T16:31:13+00:00
w-LMdy3VSbs,2025-05-11T12:32:09+00:00
m2t0Tw5BYw4,2025-05-10T18:32:14+00:00
EvlIWIu8_zk,2025-05-10T11:55:00+00:00
GMLpGT0ddTU,2025-05-10T11:54:47+00:00
_2cbf1ixygk,2025-05-10T11:54:44+00:00
szPVVbvaf2I,2025-05-10T11:43:57+00:00
i99OHAacxbk,2025-05-10T11:43:41+00:00
JjHFubUPLV0,2025-05-09T16:53:57+00:00
I30sQCjZHKQ,2025-05-09T16:53:50+00:00
dV_lf1kyV9M,2025-05-08T19:04:29+00:00
4O0_-1NaWnY,2025-05-08T18:54:19+00:00
ezJliCeyF_0,2025-05-08T16:33:15+00:00
ENTuClciXek,2025-05-08T10:44:29+00:00
b1RavPr_878,2025-05-07T10:37:08+00:00
tDxKhiJfgYk,2025-05-07T03:47:46+00:00
Un2Nw00oL2s,2025-05-06T18:50:29+00:00
chmF2OdibM8,2025-05-06T17:48:08+00:00
ZMrjvxCIPpY,2025-05-06T12:53:17+00:00
lLJbHHeFSsE,2025-05-05T20:51:35+00:00
tMkpiFIW8Xg,2025-05-05T19:26:40+00:00
_tNzEzXU1_I,2025-05-05T19:26:27+00:00
IdkHv3rv5cs,2025-05-05T19:24:53+00:00
AaGK-fj-BAM,2025-05-05T19:21:27+00:00
shotcE73Vns,2025-05-05T13:39:15+00:00
zQ_wmJV8l44,2025-05-05T13:03:48+00:00
8hRp-DEklyY,2025-05-05T12:24:47+00:00
DibH4GRRWQU,2025-05-05T10:25:18+00:00
Q0LdY-6J-_0,2025-05-04T16:35:46+00:00
prHmUW4JIms,2025-05-04T11:49:14+00:00
pnnx1bkFXng,2025-05-03T14:14:39+00:00
DaU1-XoANig,2025-05-02T10:48:50+00:00
3_Ue0tweDkE,2025-05-02T07:55:19+00:00
IY-RoiVLExs,2025-04-30T07:43:33+00:00
niWpfRyvs2U,2025-04-30T07:43:25+00:00
6Bso2GYLoME,2025-04-25T20:49:04+00:00
5b_-bObfqGM,2025-04-24T15:56:02+00:00
dbhurBoV9po,2025-04-23T13:37:53+00:00
C1XV6Yg4Nm4,2025-04-23T13:21:59+00:00
tZMHAOv9c9s,2025-04-22T19:44:38+00:00
5MWT_doo68k,2025-04-22T18:41:02+00:00
PVjKqhi4qpw,2025-04-15T08:45:00+00:00
mwcOBEx7nDc,2025-04-10T00:56:13+00:00
i1Pi4SQZGec,2025-04-08T10:18:11+00:00
lSAgnp4Iaek,2025-04-08T09:27:12+00:00
AE3oeEyLfu8,2025-04-08T09:23:49+00:00
Cq7eND5KSPk,2025-04-07T21:38:46+00:00
yZ4J98u7GLo,2025-04-06T09:11:46+00:00
szN8qBLdQjc,2025-04-06T09:10:30+00:00
3NXC8fwvpsQ,2025-04-03T13:49:05+00:00
QikS_4CBfp4,2025-04-03T11:15:56+00:00
rNkRjO_Svww,2025-04-03T11:15:37+00:00
VaQIQzs-GGU,2025-04-03T10:31:56+00:00
l7JHKa_Qocw,2025-03-30T21:09:48+00:00
qKfD4rY7HXI,2025-03-30T12:27:32+00:00
qslGfiM67dE,2025-03-30T12:25:28+00:00
QL_VahaF2O0,2025-03-30T12:22:14+00:00
Bt-7YiNBvLE,2025-03-30T12:22:09+00:00
fjenr_pN_ns,2025-03-30T12:22:01+00:00
ResMYTFY9OE,2025-03-30T12:21:41+00:00
nKE8pqvhrs8,2025-03-30T12:20:31+00:00
Cki6KYFuo0w,2025-03-29T21:57:57+00:00
RnjTYBhAcfA,2025-03-29T10:46:40+00:00
3e-nauaCkgo,2025-03-29T10:43:29+00:00
O9Am5YicLyM,2025-03-29T03:25:14+00:00
8XK2o5MfxkE,2025-03-28T10:55:38+00:00
GPGnJB4HwW4,2025-03-28T10:53:24+00:00
6sVEa7xPDzA,2025-03-28T09:03:48+00:00
31EWjB_9Jig,2025-03-27T22:41:10+00:00
GvBgPBVcjEM,2025-03-27T22:41:04+00:00
r51TRDECIw4,2025-03-27T22:40:58+00:00
u4bnx5PT1qw,2025-03-27T22:40:43+00:00
2FVBMjzlj90,2025-03-27T22:40:37+00:00
G6R7UOFx1bw,2025-03-27T12:56:52+00:00
cBy8haTR_zA,2025-03-25T10:22:43+00:00
PTXkJbkGtUw,2025-03-24T15:02:13+00:00
QFT3hS9XYxQ,2025-03-24T06:41:08+00:00
RYT08CaYq6A,2025-03-23T19:17:26+00:00
FzaHX5rxU34,2025-03-23T19:15:53+00:00
5jCAh30gDOY,2025-03-23T19:15:36+00:00
wnSArmbI6qw,2025-03-23T11:28:43+00:00
qkFYqY3vr84,2025-03-22T12:53:07+00:00
oUJlLAdQGIk,2025-03-21T13:37:18+00:00
IkRXpFIRUl4,2025-03-21T05:28:14+00:00
SX1gT5A9H-U,2025-03-20T21:16:35+00:00
VVb65xABTWw,2025-03-20T21:16:30+00:00
Tq-E6lqO6tM,2025-03-20T20:59:32+00:00
ZMQbHMgK2rw,2025-03-20T20:48:17+00:00
b-sKmiVB4g8,2025-03-20T20:25:03+00:00
qJ0wQcUWw3M,2025-03-20T20:24:38+00:00
7WbREHtc5sU,2025-03-20T05:16:39+00:00
Z1VewC1lGGk,2025-03-16T08:49:23+00:00
10qowKUW82U,2025-03-15T14:17:38+00:00
KsbtAsnJN20,2025-03-14T09:00:04+00:00
Sc2uHWvwJNM,2025-03-14T08:59:49+00:00
fDZYHhpPzUs,2025-03-14T08:59:45+00:00
ZTrl_L0T-d4,2025-03-13T21:02:16+00:00
qSlNkN-me6k,2025-03-13T18:22:35+00:00
qDkp_SeNx80,2025-03-13T16:24:35+00:00
gmFLZpl1Mas,2025-03-13T12:15:29+00:00
oFfVt3S51T4,2025-03-12T09:46:21+00:00
WRt3lpwTw_g,2025-03-12T07:39:15+00:00
o5FLzUuBUd8,2025-03-11T07:10:27+00:00
KRwpzG7l4a0,2025-03-11T07:03:37+00:00
Gh1Sgknc6Fg,2025-03-11T05:07:00+00:00
Wm_xI7KntDs,2025-03-09T11:35:24+00:00
rgsIkZkflMw,2025-03-09T11:35:11+00:00
f8Z9JyB2EIE,2025-03-08T21:19:31+00:00
cRC9DlH45lA,2025-03-08T21:18:17+00:00
RE13JBnf-Kg,2025-03-08T07:19:04+00:00
vOS_8QwlmIw,2025-03-07T14:15:53+00:00
SPaeA8shXFg,2025-03-07T12:30:29+00:00
VQgKSLkUNvQ,2025-03-07T12:29:55+00:00
2x3bSeRXwLk,2025-03-07T12:29:46+00:00
fv_MPosiINw,2025-03-06T08:42:46+00:00
IACHfKmZMr8,2025-03-06T08:19:40+00:00
G0enYDl6SCI,2025-03-06T08:19:36+00:00
PyntOVDuKt4,2025-03-05T18:38:53+00:00
oduoqXkKI4A,2025-03-05T18:33:51+00:00
6cRo20Ucn6k,2025-03-05T16:50:42+00:00
SIXITMmHth4,2025-03-05T15:20:51+00:00
RN1Ls69hg5E,2025-03-04T06:28:44+00:00
MzcI-fu5mkE,2025-03-03T21:19:09+00:00
Ua9hsfQV17w,2025-03-03T13:03:09+00:00
fipHb6w_P-Q,2025-03-03T13:03:03+00:00
EFmxPMdBqmU,2025-03-03T07:35:28+00:00
EWvNQjAaOHw,2025-03-01T05:13:27+00:00
r8mSh41HOdA,2025-03-01T05:13:22+00:00
y27SHJh706A,2025-02-27T13:21:02+00:00
8OK8_tHeCIA,2025-02-27T13:18:44+00:00
l0qvxPPISuY,2025-02-27T12:19:26+00:00
jjxu614FG80,2025-02-27T09:04:06+00:00
379s4W_EaTk,2025-02-27T08:54:47+00:00
C79mALqHI0o,2025-02-27T08:54:33+00:00
m4xEF92ZPuk,2025-02-26T20:19:19+00:00
59XV4o8hOBk,2025-02-26T20:18:24+00:00
SaNkPFSfK_M,2025-02-26T20:17:55+00:00
o3nBbvfdwkI,2025-02-26T20:17:43+00:00
QiZ62yswdPw,2025-02-26T20:14:22+00:00
W2RS0wJQMtU,2025-02-26T12:05:15+00:00
ueNT-w7Oluw,2025-02-26T12:05:08+00:00
3MGKWUZFMac,2025-02-26T12:05:03+00:00
o_Ahgu1-zj4,2025-02-26T12:04:56+00:00
bSdp2WeyuJY,2025-02-26T12:04:46+00:00
9M5voWYmie4,2025-02-26T12:04:30+00:00
xAeiXy8-9Y8,2025-02-26T12:04:20+00:00
y7169jEvb-Y,2025-02-26T12:02:21+00:00
LGOnP9Udffo,2025-02-26T08:27:00+00:00
wro8Bb6JnwU,2025-02-26T08:23:14+00:00
2ybLD6_2gKM,2025-02-25T20:39:58+00:00
IrGjyfBC-u0,2025-02-25T20:39:37+00:00
nPwofRcR0c8,2025-02-24T12:50:34+00:00
0phILmMor_k,2025-02-24T12:49:37+00:00
JWKadu0ks20,2025-02-22T15:29:25+00:00
oOGiQ7TJweY,2025-02-22T10:25:45+00:00
Hc9HtESrvdM,2025-02-21T18:02:14+00:00
btG--vz2jrk,2025-02-21T11:17:06+00:00
UXN6VNPEWzA,2025-02-21T11:16:43+00:00
TnAh-vWjdRU,2025-02-20T22:13:43+00:00
8RtGlWmXGhA,2025-02-20T21:54:32+00:00
0YNLDDFU-Cc,2025-02-20T21:48:13+00:00
SEb_HCxuz8w,2025-02-20T21:19:31+00:00
eoRK--nY-gY,2025-02-20T16:51:09+00:00
inrQUHLPFd4,2025-02-20T16:48:35+00:00
90Wi4wbs5-8,2025-02-20T16:12:34+00:00
Ti5vfu9arXQ,2025-02-20T15:16:10+00:00
SY-MB0VWjJI,2025-02-19T23:07:17+00:00
ZgAZmUh-IVI,2025-02-18T19:02:05+00:00
duJeVyjUOio,2025-02-18T10:22:37+00:00
37VZu3b045k,2025-02-18T10:22:29+00:00
CsKNTwS9kic,2025-02-18T07:42:35+00:00
8U95xCeFAhU,2025-02-17T16:13:29+00:00
R1pg5kI0VI4,2025-02-16T23:05:32+00:00
hrvx8Nv9eQA,2025-02-16T17:27:19+00:00
vw4UusbYiNw,2025-02-16T15:13:13+00:00
xchEAdt_iGQ,2025-02-16T07:43:53+00:00
IS1udM6kNZg,2025-02-15T19:04:37+00:00
LBOhVng5rk8,2025-02-15T18:15:08+00:00
VT0p4WSwnKM,2025-02-15T08:32:00+00:00
IB_F10twtvY,2025-02-14T12:19:30+00:00
AGGqPhBvZTg,2025-02-14T12:19:23+00:00
iKKbUMXDcj4,2025-02-13T19:43:49+00:00
xHCQOOzphz8,2025-02-13T07:37:56+00:00
M1BqjcurqKU,2025-02-13T07:37:37+00:00
sfPqrEXMoCM,2025-02-12T05:14:40+00:00
V149PNREv5A,2025-02-12T05:14:28+00:00
98o_L3jlixw,2025-02-12T04:08:47+00:00
hd1-CKDyHXE,2025-02-12T04:08:36+00:00
W-NCO0x3lVQ,2025-02-12T04:07:10+00:00
4Tmn-XP93m4,2025-02-12T04:07:05+00:00
HKlHYc-9YU4,2025-02-12T04:06:44+00:00
ash-xxuIud0,2025-02-10T15:04:59+00:00
2MZBapY8JOA,2025-02-10T15:03:27+00:00
KiVzqGYI7MA,2025-02-09T17:13:47+00:00
bBTmHmllifo,2025-02-09T15:49:09+00:00
_B0ON-zqwwM,2025-02-08T07:01:00+00:00
gztYSjOuVVU,2025-02-07T09:37:08+00:00
Y-tvQm9HW1M,2025-02-06T22:26:50+00:00
fJXPfQaK5ms,2025-02-05T22:59:01+00:00
c-hKSbzooAg,2025-02-05T22:38:03+00:00
1ZLJRo1OvUg,2025-02-05T21:05:55+00:00
q0surEo6tiY,2025-02-05T21:03:42+00:00
SXuiqSVBI0g,2025-02-05T21:03:21+00:00
N8-IkceBjkA,2025-02-05T20:56:19+00:00
5K65pS_PsJM,2025-02-05T18:57:46+00:00
c1fJ0kKRNe4,2025-02-05T15:53:30+00:00
PcKnl_3YTRo,2025-02-05T15:53:22+00:00
j0J-favyUeQ,2025-02-05T15:53:18+00:00
RRsq9apr5QY,2025-02-05T15:53:03+00:00
b6xeOLjeKs0,2025-02-05T15:52:56+00:00
kMNSAhsyiDg,2025-02-05T15:52:50+00:00
R5sG-48RIug,2025-02-05T10:47:10+00:00
e5YfD4NHlCI,2025-02-05T10:47:03+00:00
P0XSS2Xst-U,2025-02-05T09:54:57+00:00
DA-c0LX40p0,2025-02-04T12:15:40+00:00
khy71eRneJM,2025-02-03T08:32:21+00:00
2VcfTq_dzrg,2025-02-02T20:38:32+00:00
v9NC2P328sI,2025-01-30T14:27:33+00:00
7ARBJQn6QkM,2025-01-30T14:27:28+00:00
7_o-YRxf_cc,2025-01-30T12:40:52+00:00
J-QF8Y1G-CE,2025-01-29T22:12:45+00:00
CB7NNsI27ks,2025-01-26T22:38:26+00:00
8QpncIJJkEQ,2025-01-26T22:38:21+00:00
kq6HdJzpzCU,2025-01-26T22:09:33+00:00
M9O5AjEFzKw,2025-01-26T22:09:10+00:00
hqMsiZaMv5o,2025-01-26T10:35:22+00:00
bOsvI3HYHgI,2025-01-26T10:27:40+00:00
j63bBK_ct-M,2025-01-26T10:27:35+00:00
eP_P4KOjwhs,2025-01-25T22:25:41+00:00
ovNIpx_I8lE,2025-01-25T21:53:42+00:00
4xTy_Fyke4I,2025-01-25T12:35:52+00:00
r9gRk-Px7l4,2025-01-23T15:27:24+00:00
dNntYdZQ_mk,2025-01-23T10:28:02+00:00
VGBVW_rYHaA,2025-01-22T20:30:47+00:00
Q9uXOSGS8IQ,2025-01-22T18:56:39+00:00
ZTo9Drx8PcM,2025-01-22T18:56:34+00:00
Ui-4kVZt8_Y,2025-01-22T18:50:36+00:00
lvO88XxNAzs,2025-01-22T17:00:49+00:00
uSzffuqfJQk,2025-01-21T22:53:18+00:00
kQo-YJl-Rl8,2025-01-21T08:14:45+00:00
ga3nYHWtS14,2025-01-21T08:14:23+00:00
OSoAmsaoN-E,2025-01-21T08:14:16+00:00
yPNa--zlLXI,2025-01-21T08:02:56+00:00
VsIG62FCpT0,2025-01-21T08:02:52+00:00
tnwKBEfq0no,2025-01-21T08:02:35+00:00
DQFNYCO1MqM,2025-01-21T07:45:30+00:00
I-dwsMkIYDo,2025-01-15T16:08:42+00:00
4vAT1n7QHKk,2025-01-15T00:47:34+00:00
qi_JEF4wgiU,2025-01-15T00:41:45+00:00
jby4QEybEsI,2025-01-13T13:15:22+00:00
8kdc194MMd0,2025-01-13T12:44:31+00:00
o7t8_cevldc,2025-01-13T07:37:27+00:00
fCMl_7OCqnw,2025-01-13T05:49:51+00:00
Vib15IP4GfQ,2025-01-13T05:20:19+00:00
zEmMRDFjSuQ,2025-01-13T05:20:08+00:00
hrXAuSIEGC4,2025-01-13T05:07:51+00:00
v4H2fTgHGuc,2025-01-04T09:34:33+00:00
lNaW4zlo8ZY,2025-01-02T06:14:15+00:00
aybSXT9ZJ8w,2025-01-01T22:40:14+00:00
PdVPEjUUWi8,2024-12-31T18:37:57+00:00
E0Q9KnYSVLc,2024-12-30T20:02:54+00:00
LB8KwiiUGy0,2024-12-30T20:02:45+00:00
sQDvkd2wtxU,2024-12-30T20:02:40+00:00
WkFab5of61g,2024-12-30T14:36:35+00:00
SqVfCyfCJqw,2024-12-30T12:11:11+00:00
wBqfzj6CEzI,2024-12-30T12:00:22+00:00
AxzKP1I67nI,2024-12-30T11:40:07+00:00
FxcAbjdKOjw,2024-12-29T21:18:09+00:00
0e0J0mmvr1k,2024-12-29T07:02:48+00:00
pGMKIyALcK0,2024-12-29T07:02:41+00:00
pXpckHDDNYo,2024-12-29T07:02:37+00:00
nbK6HCsj_4c,2024-12-28T20:25:12+00:00
Ecq2kcubTnY,2024-12-28T08:56:48+00:00
3pYmzx-knF4,2024-12-28T07:25:31+00:00
VUxMfyzTM_Y,2024-12-28T07:03:55+00:00
XklQac5WLs4,2024-12-27T23:12:59+00:00
hQPrILnHlpQ,2024-12-27T22:38:54+00:00
I_N0wIT1C9Q,2024-12-27T13:25:16+00:00
DYWTw19_8r4,2024-12-27T13:19:52+00:00
3qGxVYJF3IU,2024-12-26T19:20:57+00:00
kQr4rsuj-7k,2024-12-26T19:20:48+00:00
xcFh1XYI41Y,2024-12-26T12:12:13+00:00
5iq4h1KwaGc,2024-12-24T19:01:10+00:00
CpBXikakzks,2024-12-24T19:00:53+00:00
CcnwFJqEnxU,2024-12-24T07:40:18+00:00
Qvlb-Yo6Rqo,2024-12-22T21:21:38+00:00
fTMMsreAqX0,2024-12-22T10:45:09+00:00
BTjxUS_PylA,2024-12-22T07:47:48+00:00
CzJQEstIiEI,2024-12-22T07:47:27+00:00
VBVAGfngDIA,2024-12-21T09:41:04+00:00
pVld27xFcxk,2024-12-19T20:07:19+00:00
IekJKQ-AvkM,2024-12-19T12:07:35+00:00
PPjXM8G8ax0,2024-12-19T05:35:19+00:00
ofoI4JNAd7A,2024-12-17T15:25:45+00:00
iNYmyuFVMCo,2024-12-16T18:32:59+00:00
T5MHC7WeU5Y,2024-12-16T13:16:27+00:00
ynmyyzjkFsQ,2024-12-16T06:57:29+00:00
zesdXeaLCDI,2024-12-15T17:50:44+00:00
OhCp6ppX6bg,2024-12-15T17:50:13+00:00
5m11ofIKFIA,2024-12-15T04:21:56+00:00
JSTUtRQ8Hwc,2024-12-14T04:15:22+00:00
5P8SRFrj3ig,2024-12-13T09:38:40+00:00
fIg2koX6nr8,2024-12-13T03:57:23+00:00
a4HBKEda_F8,2024-12-12T14:05:25+00:00
OQ4PL-MEqLw,2024-12-11T11:27:02+00:00
rQ_J9WH6CGk,2024-12-11T11:12:53+00:00
0kMWWm3BnBQ,2024-12-11T11:12:47+00:00
139UPjoq7Kw,2024-12-11T11:12:39+00:00
_gLm0Jo0cnk,2024-12-11T10:51:42+00:00
8Ve5SAFPYZ8,2024-12-11T10:51:25+00:00
suATPK45sjk,2024-12-11T07:42:37+00:00
l3X1t3kpmwY,2024-12-10T10:00:57+00:00
W7ppd_RY-UE,2024-12-10T10:00:39+00:00
9BD9eK9VqXA,2024-12-10T06:46:34+00:00
e5Tf6g5sdD0,2024-12-10T06:42:04+00:00
Xl6O8jS1Hho,2024-12-10T06:41:57+00:00
tKHdASf_OOI,2024-12-10T06:41:52+00:00
PJPFLHw8lKI,2024-12-10T06:40:53+00:00
RNFuhcfybYc,2024-12-10T06:40:41+00:00
BJatgOiiht4,2024-12-10T06:40:32+00:00
HYKDUF8X3qI,2024-12-09T20:05:57+00:00
2-qUH6MRvDc,2024-12-09T18:02:16+00:00
DzA1zo9vEZ4,2024-12-09T17:57:52+00:00
rNROsljsI6U,2024-12-09T15:24:39+00:00
ahyk7h7qAF4,2024-12-08T22:26:29+00:00
_1QAJaC6Xwc,2024-12-08T22:02:31+00:00
gnkrDse9QKc,2024-12-08T07:20:33+00:00
EIkftIJeYLg,2024-12-07T20:21:47+00:00
 -WQxykNU4Tc,2024-12-07T20:21:41+00:00
_wFD0_xjTEc,2024-12-07T20:09:28+00:00
9LVbU7n8klw,2024-12-07T13:06:14+00:00
i793Qm6kv3U,2024-12-07T13:05:18+00:00
0zp9bkEfaOc,2024-12-06T17:01:55+00:00
dLPgQRbVquo,2024-12-06T17:01:42+00:00
byCYSXVmH6E,2024-12-06T17:01:38+00:00
4xkqw9ByvCI,2024-12-06T16:16:21+00:00
fTOcWMD_5pk,2024-12-06T16:10:39+00:00
gSKTfG1GXYQ,2024-12-06T13:02:24+00:00
iMci79WR5Rc,2024-12-06T08:37:57+00:00
Ah6nR8YAYF4,2024-12-05T18:12:31+00:00
5t1vTLU7s40,2024-12-05T18:12:17+00:00
nTqu6w2wc68,2024-12-03T22:45:58+00:00
7Q17ubqLfaM,2024-12-03T22:45:50+00:00
jFrGhodqC08,2024-12-03T22:45:27+00:00
tUKN2uT9u0k,2024-12-03T22:34:33+00:00
kKATKhpKMk0,2024-12-03T22:34:15+00:00
KkenLT8S9Hs,2024-12-03T21:45:10+00:00
DzNmUNvnB04,2024-12-03T13:07:59+00:00
VbEx7B_PTOE,2024-12-03T09:23:57+00:00
gd7BXuUQ91w,2024-12-03T09:22:54+00:00
1qw5ITr3k9E,2024-12-02T21:02:19+00:00
F7XGddoTxrA,2024-12-02T20:35:49+00:00
1x7HlvSfW6s,2024-12-01T19:23:41+00:00
4SiFgB1lGxw,2024-12-01T19:23:35+00:00
x4rFhThSX04,2024-12-01T19:23:24+00:00
ARI6mRd6Jh0,2024-12-01T19:23:06+00:00
gq2bbDmSokU,2024-12-01T19:22:46+00:00
ZwA2knSaVcA,2024-12-01T19:20:40+00:00
_uzG6a7DYKk,2024-12-01T19:20:30+00:00
R8_veQiYBjI,2024-12-01T19:20:26+00:00
X3F3El_yvFg,2024-12-01T16:25:24+00:00
pYKAngWoyVw,2024-12-01T10:00:41+00:00
cuzw4vL1z5E,2024-12-01T10:00:30+00:00
B91wc5dCEBA,2024-11-30T19:35:12+00:00
tS7upsfuxmo,2024-11-30T12:58:37+00:00
fbsBWQHxcpw,2024-11-30T05:33:40+00:00
1OQqQDeCiXw,2024-11-29T19:34:48+00:00
bOEm7TdJgZo,2024-11-29T19:34:37+00:00
Rvjl2y_adUo,2024-11-29T19:34:32+00:00
41lfYQhUzRs,2024-11-29T16:35:24+00:00
ZZ2tx8iL3P4,2024-11-29T10:42:06+00:00
WmvpJ4KX30s,2024-11-28T20:11:17+00:00
B4Mwi0ckLlE,2024-11-28T20:10:14+00:00
F-9KWQByeU0,2024-11-28T15:41:34+00:00
9eHEOAn2FOA,2024-11-28T10:14:10+00:00
SB2BsvC8SyQ,2024-11-28T10:08:54+00:00
E19bDedgsyo,2024-11-26T22:13:16+00:00
83j3Z4heXH0,2024-11-26T21:58:02+00:00
CEWQIzjKvoE,2024-11-26T21:55:33+00:00
5eo8nz_niiM,2024-11-23T16:33:36+00:00
KBBJqPL5-eU,2024-11-23T16:30:55+00:00
fkzpywlJcMA,2024-11-21T07:57:43+00:00
er_WkZLX7DY,2024-11-21T03:41:12+00:00
V3554BmwV1E,2024-11-21T03:41:06+00:00
mSwvS83O9wc,2024-11-21T03:40:51+00:00
I2mWnh66Bkg,2024-11-19T07:16:24+00:00
WE2N07bd8ro,2024-11-19T07:16:16+00:00
7DCO-IISBnc,2024-11-18T09:26:39+00:00
EkkFT1bRCT0,2024-11-17T21:21:34+00:00
y5DbMCywZDU,2024-11-17T11:50:53+00:00
soIpt3c7tVE,2024-11-17T11:50:48+00:00
nWOCdFj_SJM,2024-11-05T10:23:35+00:00
rgWIWwahkOQ,2024-11-01T17:38:10+00:00
_lZV76JO3WU,2024-10-31T02:25:49+00:00
T9wOu11uU6U,2024-10-30T23:31:35+00:00
yRVk86cvybg,2024-10-26T06:18:31+00:00
Zq5fmkH0T78,2024-10-26T06:18:19+00:00
ogkbs9OZL5o,2024-10-23T15:52:05+00:00
 -F_TLxCZ7Yk,2024-10-23T15:44:59+00:00
H4SDPLiUnv4,2024-10-23T15:44:45+00:00
R873BlNVUB4,2024-10-23T14:17:05+00:00
DU8o-OTeoCc,2024-10-23T14:16:56+00:00
-5oiSmfVa68,2024-10-22T20:26:08+00:00
EpJ1SSHnQpU,2024-10-22T19:45:24+00:00
RmR6cmyLmiI,2024-10-22T19:45:15+00:00
Vk-d0m75KW4,2024-10-21T18:52:37+00:00
XOki-Fxq9ns,2024-10-21T13:12:42+00:00
fn7bHlxqUbY,2024-10-19T21:06:24+00:00
2fcRieSktqc,2024-10-19T16:05:37+00:00
PgDaJEjlBuI,2024-10-18T18:56:52+00:00
gS_nHTWZEJ8,2024-10-17T19:57:12+00:00
tWVWeAqZ0WU,2024-10-17T19:52:14+00:00
CmjxK-S5Sn8,2024-10-17T09:51:19+00:00
1yrHaoCNZ_Y,2024-10-16T23:06:39+00:00
HVBVqvpFVL4,2024-10-16T22:25:39+00:00
zEk3mi4Pt_E,2024-10-16T20:47:38+00:00
aNEqC-U5tHM,2024-10-16T20:47:19+00:00
Vxw0nE1qfZc,2024-10-16T20:47:06+00:00
CKfERe55CeA,2024-10-16T20:43:34+00:00
0_Eif2qGK7I,2024-10-16T20:43:27+00:00
FWyiYzgPNi4,2024-10-16T20:40:34+00:00
2kZ6NF5Wzgs,2024-10-16T20:40:30+00:00
zo20Mwwrtp0,2024-10-16T20:40:15+00:00
2zZqSpv-B1U,2024-10-16T20:18:14+00:00
5UIh1dV7aZ8,2024-10-16T19:31:56+00:00
NWFOKrMjlyI,2024-10-15T08:40:45+00:00
HB3l1BPi7zo,2024-10-13T16:27:37+00:00
lv0DdVLZuHc,2024-10-13T16:26:11+00:00
20tpk8A_xa0,2024-10-13T16:14:17+00:00
3yjlDPB6jLQ,2024-10-11T16:37:07+00:00
pPqazMTzNOM,2024-10-11T16:35:01+00:00
mc5P_082bvY,2024-10-11T16:34:51+00:00
Yf1o0TQzry8,2024-10-11T05:27:40+00:00
9-czb-zEKTE,2024-10-10T19:57:22+00:00
si9pVRaGz30,2024-10-10T06:27:13+00:00
sIVL4JMqRfc,2024-10-09T20:43:00+00:00
qnwFpjIqsrA,2024-10-09T05:14:01+00:00
5TY6oBjW8fo,2024-10-09T04:22:42+00:00
1acKGwbby-E,2024-10-09T04:22:37+00:00
F7iLfuci75Y,2024-10-08T19:51:58+00:00
QINoB1_OXUk,2024-10-08T19:51:48+00:00
cAkMcPfY_Ns,2024-10-07T18:22:39+00:00
DjYZk8nrXVY,2024-10-07T18:21:21+00:00
E0SfGdeVzQE,2024-10-07T18:20:36+00:00
zvbTDUSz8Cc,2024-10-07T18:20:29+00:00
PFsjVT-XwmA,2024-10-07T18:20:22+00:00
pRN6yH_ICrY,2024-10-07T18:19:46+00:00
UZDiGooFs54,2024-10-07T12:20:12+00:00
7L0RLrfrBHE,2024-10-06T21:07:55+00:00
LBbVEqTPlzI,2024-10-05T18:22:03+00:00
7utPutDORb4,2024-10-05T18:20:49+00:00
2PjmPU07KNs,2024-10-04T07:35:54+00:00
Mcw8Mp8PYUE,2024-10-03T11:43:57+00:00
7VSVfQcaxFY,2024-10-02T19:10:16+00:00
uB9yZenVLzg,2024-10-02T19:08:28+00:00
XwWReqRfnjs,2024-10-02T19:07:56+00:00
jXyTLDYs_gA,2024-10-02T15:13:50+00:00
w4HbNxdLJAw,2024-10-02T15:13:44+00:00
61R7Py0szPs,2024-10-02T07:10:48+00:00
LEanL5rfdAA,2024-10-02T07:10:44+00:00
lwyxfaq-s8I,2024-10-02T07:10:39+00:00
yLUmmm_JvDk,2024-10-02T04:42:38+00:00
w1ks0Vy98KI,2024-10-02T04:42:33+00:00
Vz_5SY6finE,2024-10-02T04:42:20+00:00
3CMgznBdl-M,2024-10-02T04:42:13+00:00
HruBoinmPBA,2024-10-02T04:40:13+00:00
7SVSXiWc0-o,2024-09-30T19:12:27+00:00
X8jsijhllIA,2024-09-30T19:12:22+00:00
rylaiB2uH2A,2024-09-25T08:46:58+00:00
86FAWCzIe_4,2024-09-25T07:00:15+00:00
pcC4Dr6Wj2Q,2024-09-24T19:23:00+00:00
U1xIVNZKFh4,2024-09-21T20:19:18+00:00
aDMUcfOaCm0,2024-09-19T17:33:09+00:00
EFUE4DHiAPM,2024-09-19T15:59:22+00:00
LTH9m4HkeYY,2024-09-18T20:46:41+00:00
rVBtZH8vB9E,2024-09-18T11:14:03+00:00
8tLR-ihvUhM,2024-09-18T07:42:30+00:00
2-DmxENygRc,2024-09-17T22:28:41+00:00
SJ-ibLJoCFM,2024-09-15T09:25:05+00:00
kCc8FmEb1nY,2024-09-15T09:24:30+00:00
w8xWTIFU4C8,2024-09-15T07:53:02+00:00
gqUQbjsYZLQ,2024-09-13T18:48:25+00:00
P6kJq2n8DZA,2024-09-13T17:52:04+00:00
UMEp6eFU16k,2024-09-13T17:51:42+00:00
YxkcMszKEYY,2024-09-11T21:15:43+00:00
Toonu-cTE60,2024-09-11T18:08:52+00:00
3mhQMenmZUM,2024-09-11T18:08:45+00:00
ZMoio54hPsc,2024-09-11T18:08:38+00:00
o080tU3sd0k,2024-09-11T18:06:50+00:00
iJejohAs9EY,2024-09-11T18:04:12+00:00
CgkZ7MvWUAA,2024-09-11T18:03:46+00:00
1usuYqZMT7Q,2024-09-11T18:02:21+00:00
MRbBhBAv2dM,2024-09-11T17:22:26+00:00
lFomAYu_Ug0,2024-09-11T17:22:08+00:00
Lbj3vmp8spI,2024-09-11T17:22:00+00:00
jJVAla0dWJo,2024-09-11T12:57:46+00:00
rY456eJTT5I,2024-09-11T12:57:27+00:00
7wKFSvLAV-I,2024-09-11T11:03:22+00:00
Nusg5dUjR0A,2024-09-11T08:36:10+00:00
2WjMrh7ZHIA,2024-09-11T08:36:02+00:00
96VlfN7ViyE,2024-09-11T08:11:39+00:00
YW_VR3Yx0DE,2024-09-10T20:01:55+00:00
j-_s8f5K30I,2024-09-10T16:39:47+00:00
zxitJn9MwYs,2024-09-10T16:38:43+00:00
1MTyCvS05V4,2024-09-09T20:58:09+00:00
TByRaraQqW4,2024-09-09T18:45:33+00:00
tABy930K0Ws,2024-09-09T18:45:23+00:00
SlojfUWJD1I,2024-09-09T18:44:23+00:00
ukt84oisLsc,2024-09-09T14:56:18+00:00
gqCAeFjB8Uo,2024-09-08T09:03:19+00:00
RKQqrNyAC6k,2024-09-08T09:02:54+00:00
YuIc4mq7zMU,2024-09-07T16:09:06+00:00
9um_65R1GVU,2024-09-07T16:09:01+00:00
Eoq12SNaWI8,2024-09-07T15:55:54+00:00
GwcFxTuMYmU,2024-09-07T15:54:37+00:00
EyjtdCdtGs0,2024-09-06T17:57:19+00:00
a6lYZWN4lVA,2024-09-06T15:35:46+00:00
btKd-VLzNR0,2024-09-06T15:34:01+00:00
jevKudRo7oQ,2024-09-06T04:41:12+00:00
q3FfvVsu4VM,2024-09-05T20:31:19+00:00
hHWgGfZpk00,2024-09-05T20:31:10+00:00
yIAcHMJzqJc,2024-09-05T04:33:11+00:00
IsgRatCefVc,2024-09-05T04:33:08+00:00
neBZ6huolkg,2024-09-04T18:48:32+00:00
g566eI2EmeY,2024-09-04T18:48:01+00:00
MqnpIwN7dz0,2024-09-04T18:37:42+00:00
2S-_-UKbqqM,2024-09-04T18:34:11+00:00
yKJL47Nq9w4,2024-09-04T18:33:01+00:00
glZs4QFfwbc,2024-09-04T18:32:21+00:00
P2CPd9ynFLg,2024-09-04T18:30:33+00:00
yUm-ET8w_28,2024-09-04T18:16:16+00:00
5Hx8pJVmSlM,2024-09-04T18:15:41+00:00
HPrVS34q-l0,2024-09-04T18:15:17+00:00
Jc-lGeDuphg,2024-09-04T18:12:40+00:00
gKyJDvBvyQs,2024-09-04T17:56:53+00:00
oGhc5Z-WJSw,2024-09-04T17:56:48+00:00
oGhc5Z-WJSw,2024-09-04T17:56:47+00:00
CxoGjX3JvHI,2024-09-04T13:06:32+00:00
x_jjhcDrISk,2024-09-04T13:01:36+00:00
WXuK6gekU1Y,2024-09-04T12:59:46+00:00
7PMUVqtXS0A,2024-09-04T12:59:38+00:00
XN41FdSXAXs,2024-09-04T12:59:22+00:00
EUeryhp8HSQ,2024-09-04T12:57:47+00:00
THoHSzUbzBE,2024-09-03T13:58:49+00:00
Upxc3WvSFuk,2024-09-03T13:58:35+00:00
2hWfLiRGaNM,2024-09-03T13:58:10+00:00
JkPAz0sMx8w,2024-09-03T13:58:06+00:00
DG_WT8Gwzho,2024-09-02T19:02:14+00:00
wni5h5vIPhU,2024-09-02T13:42:10+00:00
kQUwImj32PA,2024-08-30T12:12:07+00:00
DJvM2lSPn6w,2024-08-30T12:11:54+00:00
6ViGc5NgdSw,2024-08-29T22:33:13+00:00
 -IqMxPU3vbU,2024-08-29T21:19:30+00:00
CAEuTN4qYqI,2024-08-29T14:09:04+00:00
l65zuhr4WpI,2024-08-28T16:09:40+00:00
v0CcoWqqZho,2024-08-28T03:24:42+00:00
 -eHfGiq9plg,2024-08-28T03:24:28+00:00
MYB-FCqW45U,2024-08-28T03:09:41+00:00
yF9kGESAi3M,2024-08-28T03:09:35+00:00
ZbX4Ok9YX94,2024-08-27T19:55:09+00:00
P80sM7ausCA,2024-08-27T19:15:56+00:00
YtrZeWRgohY,2024-08-27T19:14:33+00:00
88I6IidylGc,2024-08-27T19:14:30+00:00
5rNk7m_zlAg,2024-08-27T18:46:24+00:00
SG82Aqcaaa0,2024-08-27T18:42:13+00:00
YinfynTz77s,2024-08-27T18:40:22+00:00
VXvPpPCF7E0,2024-08-27T18:03:47+00:00
_N--2xOXEN0,2024-08-27T02:54:41+00:00
v6TPcU23wP8,2024-08-27T02:54:21+00:00
vtHZb7gNlbw,2024-08-27T02:53:45+00:00
PZVCSQ1yjq4,2024-08-27T02:53:35+00:00
vtOLgyHJOc0,2024-08-27T02:52:57+00:00
c32zXYAK7CI,2024-08-27T02:52:44+00:00
XrwsMN2IWnE,2024-08-27T02:51:00+00:00
XK0V0E3bA-M,2024-08-26T13:33:18+00:00
v2iRCaIfiSc,2024-08-25T19:58:13+00:00
OTNe0eV8418,2024-08-25T19:57:38+00:00
08LbFpNBSDk,2024-08-25T19:56:43+00:00
fthiw89XG4s,2024-08-25T19:56:23+00:00
lXITA5MZIiI,2024-08-25T19:55:58+00:00
DcCe4vjbAJE,2024-08-25T19:55:43+00:00
Ek08P2WddCs,2024-08-25T19:55:38+00:00
uvQL-xJWGwI,2024-08-25T19:55:34+00:00
W8-G_PL6p-0,2024-08-25T12:51:21+00:00
umIS85HQr58,2024-08-25T06:29:12+00:00
SFKiz82wPHo,2024-08-25T01:27:44+00:00
4vv_nxOr4PI,2024-08-25T01:27:23+00:00
x6-SfRSp28M,2024-08-25T01:27:07+00:00
iybdUPYXPEw,2024-08-25T01:26:55+00:00
qyomWr_C_jA,2024-08-24T16:52:04+00:00
2fopl7-2wT0,2024-08-24T16:51:01+00:00
xV6j2Dxvoxw,2024-08-24T16:50:54+00:00
Gt9dnFp1M0E,2024-08-24T16:50:47+00:00
10OVd1VHEZ4,2024-08-24T09:38:29+00:00
h4R-nJbM_ac,2024-08-24T09:38:24+00:00
wBtPGnVnA9g,2024-08-24T09:16:04+00:00
gSSsZReIFRk,2024-08-24T04:38:08+00:00
RBM03RihZVs,2024-08-24T04:37:42+00:00
6lU11IHfJgo,2024-08-23T22:11:56+00:00
msdymgkhePo,2024-08-23T22:11:21+00:00
out35R4qUa8,2024-08-23T18:42:52+00:00
t4UNV4ncvRs,2024-08-23T18:41:12+00:00
Hci9Bb4_fkA,2024-08-23T11:20:42+00:00
oz9cEqFynHU,2024-08-22T20:52:10+00:00
MpGLUVbqoYQ,2024-08-22T20:32:23+00:00
TWUV_LRVX24,2024-08-22T17:05:52+00:00
a7EjmdQzPqY,2024-08-22T17:05:48+00:00
P8Xa2BitN3I,2024-08-22T17:05:43+00:00
WbwP4w6TpCk,2024-08-22T17:05:39+00:00
1d-6Hv1c39c,2024-08-22T10:08:22+00:00
wjZofJX0v4M,2024-08-22T06:07:31+00:00
zjkBMFhNj_g,2024-08-21T19:59:55+00:00
SGQM7PU9hzI,2024-08-21T19:01:20+00:00
J8xReLuBNPY,2024-08-21T19:01:14+00:00
8ARodQ4Wlf4,2024-08-21T19:00:38+00:00
S37uRvBr65k,2024-08-21T09:12:10+00:00
Vp4glSVPT8o,2024-08-21T05:53:02+00:00
i-BkN3rTK0Q,2024-08-20T18:45:16+00:00
0W-mwGFVecI,2024-08-20T18:44:55+00:00
GznmPACXBlY,2024-08-20T17:19:31+00:00
rnjyMpoltLo,2024-08-20T17:19:11+00:00
hMcE6E8JjXA,2024-08-20T17:19:02+00:00
MBzZFRhHHwA,2024-08-20T17:12:47+00:00
gMoni2Hm92U,2024-08-20T17:12:41+00:00
00lxm_doFYw,2024-08-19T21:05:11+00:00
D6-xKguNpWg,2024-08-19T19:07:37+00:00
aolI_Rz0ZqY,2024-08-19T19:06:12+00:00
q5DFpyIN5Xs,2024-08-19T18:20:18+00:00
5woZK_3z25U,2024-08-19T18:19:35+00:00
-3bVuFcteUo,2024-08-19T18:11:17+00:00
0iNDB-2fg8A,2024-08-19T17:56:43+00:00
LOH1l-MP_9k,2024-08-19T17:56:36+00:00
7YhdqIR2Yzo,2024-08-19T17:56:22+00:00
za2FZ8QCE18,2024-08-19T17:56:10+00:00
w7R0Rm_DqYc,2024-08-19T16:19:33+00:00
JMKLXGwltGc,2024-08-19T14:43:39+00:00
Gcp7triXFjg,2024-08-19T14:43:34+00:00
U9WwJzMhcKA,2024-08-19T09:46:58+00:00
nydRe2_qD4k,2024-08-19T09:46:52+00:00
MNN--Ml9XJg,2024-08-19T09:46:46+00:00
sgQJWAuc_kM,2024-08-19T09:44:21+00:00
wh4kGL1EIGM,2024-08-19T09:39:38+00:00
_ypZyGeJox8,2024-08-19T09:38:30+00:00
iOeebAM_C5g,2024-08-15T17:10:27+00:00
cEHFzvU-pzk,2024-08-15T12:26:53+00:00
aHZW7TuY_yo,2024-08-15T04:28:46+00:00
QTZTUrAbjeo,2024-08-15T04:28:09+00:00
yBBdUlZ-h4U,2024-08-14T20:38:33+00:00
i7lU6v_RejM,2024-08-14T20:08:12+00:00
1A6SrPwmGpg,2024-08-14T20:08:07+00:00
e2nkq3h1P68,2024-08-14T20:08:02+00:00
0hqhAIjE_8I,2024-08-14T20:07:50+00:00
ffveQQtxNgM,2024-08-14T09:34:35+00:00
_tUdtt6H5CE,2024-08-14T09:34:30+00:00
K5O_e8AmwoM,2024-08-13T13:07:18+00:00
N_sUsq_y10U,2024-08-13T09:51:09+00:00
aj-dvRN1SCA,2024-08-13T06:05:50+00:00
KJEjJF2BmLw,2024-08-13T01:42:44+00:00
I8cs8fJYF_w,2024-08-12T19:29:06+00:00
GgyP0_b-WPY,2024-08-12T19:16:52+00:00
9xtN5Qk-Ito,2024-08-12T13:35:58+00:00
OqykUMx6eI0,2024-08-11T09:56:27+00:00
KdUu65GLo50,2024-08-11T05:49:19+00:00
E_r7_QhFcfk,2024-08-10T18:44:02+00:00
EV54cKn_X2A,2024-08-09T12:55:22+00:00
L7-CQpa2JFU,2024-08-09T10:42:35+00:00
6pi0Y07yQDo,2024-08-08T19:28:25+00:00
x8y_6Gg28GI,2024-08-08T19:28:17+00:00
FVPtN2xL728,2024-08-08T19:28:06+00:00
8Di8zNY_nbg,2024-08-08T19:27:16+00:00
cgAXJvCO5K8,2024-08-08T18:20:36+00:00
H7tbjKFSg58,2024-08-04T18:25:01+00:00
J88fOMC_o14,2024-08-04T16:06:12+00:00
t78GXLHgGhk,2024-08-03T06:27:05+00:00
tAuRQs_d9F8,2024-08-03T00:22:28+00:00
jOnxYT8Iaoo,2024-08-03T00:22:11+00:00
TJHboLlav4Y,2024-08-03T00:22:01+00:00
YMAwgRwjEOQ,2024-08-03T00:21:54+00:00
 -oLDJ2dbadA,2024-08-03T00:20:39+00:00
_Q5rXfGuyLQ,2024-08-03T00:20:30+00:00
CVBpYfPKGlE,2024-07-30T07:02:19+00:00
j-A67bRKJ_c,2024-07-28T17:30:07+00:00
ovYbgbrQ-v8,2024-07-28T12:27:31+00:00
yufqeJLP1rI,2024-07-27T16:06:10+00:00
w2h54xz6Ndw,2024-07-27T16:06:07+00:00
md65iBX5Gxg,2024-07-27T16:05:59+00:00
JeoYA7wABAA,2024-07-26T13:39:26+00:00
23owdgVAV5k,2024-07-26T09:49:49+00:00
oKIThIihv60,2024-07-25T10:45:28+00:00
1xjSQJWejZM,2024-07-23T12:02:02+00:00
krB0enBeSiE,2024-07-23T11:38:39+00:00
jMwPvNa2u48,2024-07-23T11:38:15+00:00
qKJP93dWn40,2024-07-23T11:38:11+00:00
wAzEJxOo1ts,2024-07-22T21:13:34+00:00
pvPOoDFMgd0,2024-06-30T08:24:10+00:00
0jHFeGowIQ8,2024-06-30T08:11:09+00:00
rGPpQdbDbwo,2024-06-27T17:15:42+00:00
60oa18xFSMA,2024-06-13T17:24:18+00:00
LMVQ30c7TcA,2024-06-12T04:13:15+00:00
d_G_beKu1Jc,2024-06-12T03:29:42+00:00
kGT4PcTEPP8,2024-06-12T03:18:45+00:00
jI3iL4c7D1Y,2024-06-11T06:00:13+00:00
IoY6bE--A54,2024-06-11T05:57:44+00:00
BKm45Az02YE,2024-06-06T21:09:22+00:00
Wbm-a-7zc4g,2024-06-06T21:04:12+00:00
sIDZlA6Nz5w,2024-06-06T21:03:55+00:00
1TSLEzNzGQM,2024-06-01T18:19:21+00:00
kQx6QSjPy9Y,2024-06-01T12:19:08+00:00
0hChKDYOKd8,2024-05-28T18:01:26+00:00
FmK8-zUtcr4,2024-05-28T17:58:32+00:00
xckH5s3UuX4,2024-05-27T21:01:02+00:00
VixYfv0UEyE,2024-05-27T07:26:26+00:00
HlgG395PQWw,2024-05-26T12:28:01+00:00
w7oljgTfIzM,2024-05-26T12:27:50+00:00
CxGSnA-RTsA,2024-05-25T23:03:38+00:00
xfBbLg6-4xY,2024-05-25T17:02:28+00:00
0scjy6Zxzwc,2024-05-23T21:52:03+00:00
Oh2IEVqarHs,2024-05-23T20:13:34+00:00
l_hD99zpPBY,2024-05-23T19:47:49+00:00
txHc4zk6w3s,2024-05-23T19:19:46+00:00
pD6C1-zSxIM,2024-05-23T19:19:41+00:00
J90t0h0AP1U,2024-05-23T19:19:36+00:00
OrliU0e09io,2024-05-22T23:52:39+00:00
gRtv-BVkwA4,2024-05-21T18:31:07+00:00
jBnrUcK3C2I,2024-05-20T12:46:03+00:00
SuWKCv3ewXw,2024-05-20T12:45:45+00:00
NCnokqkXMjA,2024-05-18T17:36:50+00:00
LnNJzCXpdJA,2024-05-17T19:29:46+00:00
-4Oso9-9KTQ,2024-05-16T20:22:36+00:00
fMtbrKhXMWc,2024-05-16T15:18:08+00:00
TslBGnENTFw,2024-05-15T20:28:10+00:00
5puu3kN9l7c,2024-05-14T21:18:26+00:00
APU5bWbs_pw,2024-05-14T17:23:40+00:00
QBajJCMxByw,2024-05-14T10:44:26+00:00
N936XwLmtmo,2024-05-14T03:59:40+00:00
3kdM9wyglnw,2024-05-13T11:17:31+00:00
o8NPllzkFhE,2024-05-12T22:30:22+00:00
cGxm4tvF5E8,2024-05-12T22:26:14+00:00
d4kcf1TczrY,2024-05-09T15:53:10+00:00
2w-_JOK96Uc,2024-05-08T22:38:42+00:00
nCKxl7Q_20I,2024-05-08T22:38:29+00:00
zWevTGc_EY4,2024-05-07T09:47:42+00:00
nLA90pa-34A,2024-04-30T05:34:24+00:00
UBXXw2JSloo,2024-04-30T05:30:39+00:00
BSpZQRY-SjE,2024-04-29T20:25:45+00:00
qo_VXNVOtWI,2024-04-27T18:06:30+00:00
OyBwIjnQLtI,2024-04-27T17:44:09+00:00
Z_cX3bzkExE,2024-04-27T17:44:00+00:00
f428dSRkTs4,2024-04-27T17:29:06+00:00
ckpotxktdvY,2024-04-27T17:16:47+00:00
wlIqV5dLikI,2024-04-25T11:18:57+00:00
AAdlKJdC-3U,2024-04-24T17:01:05+00:00
zrTKNSoQUrw,2024-04-24T08:38:05+00:00
32M1al-Y6Ag,2024-04-24T08:07:26+00:00
KqrOePY3Oow,2024-04-23T06:58:43+00:00
Rrz2q5uCHdE,2024-04-23T06:57:39+00:00
4AXQgOcL1mo,2024-04-23T03:11:07+00:00
j6DG1NqgkSU,2024-04-22T14:53:39+00:00
gu3FfmgkwUc,2024-04-20T14:40:59+00:00
fo4e3njyGy0,2024-04-20T11:36:14+00:00
YNOwO5s4AL8,2024-04-20T05:57:30+00:00
DNPF0oPcMDs,2024-04-19T17:49:41+00:00
y5KCiHFGPUo,2024-04-19T08:31:21+00:00
9kClJ7swFyo,2024-04-17T23:35:55+00:00
RsTBGa3PwU8,2024-04-17T16:28:28+00:00
6idCfQvOJkI,2024-04-16T17:09:02+00:00
UQDMPoI7xT8,2024-04-16T17:06:59+00:00
Eg0jjrYr8GU,2024-04-16T17:06:17+00:00
GuJ5UuknsHU,2024-04-14T21:43:59+00:00
KbzGy3whpy0,2024-04-14T05:28:20+00:00
ZRnWmNdf5IE,2024-04-13T17:42:40+00:00
ZBCUegTZF7M,2024-04-13T17:23:07+00:00
FGCViCAMkgs,2024-04-13T16:59:29+00:00
ea_4Ug5WWYE,2024-04-12T03:12:33+00:00
9ElrcTtAxzA,2024-04-11T07:18:23+00:00
vB3ACXSesGo,2024-04-10T18:11:01+00:00
Pi_PNbAVUow,2024-04-10T16:26:16+00:00
aOGklh0UjA0,2024-04-08T17:17:37+00:00
SYOT-2O3-XI,2024-04-07T10:23:44+00:00
6kEGUCrBEU0,2024-04-07T10:23:33+00:00
Kuj9ShbGSZ8,2024-04-07T09:05:21+00:00
nk6aKV2rY7E,2024-04-05T11:28:07+00:00
9-Hitkmiiqg,2024-04-05T11:12:20+00:00
0pT-dWpmwhA,2024-04-04T18:40:51+00:00
b6P83dtntKo,2024-04-03T17:51:40+00:00
4tBYVFXSJbo,2024-04-01T16:47:25+00:00
2IK3DFHRFfw,2024-04-01T04:23:06+00:00
UU1WVnMk4E8,2024-04-01T04:19:38+00:00
3CUUSFxz-rI,2024-03-30T05:32:41+00:00
S3LtOQDxCJk,2024-03-28T05:54:16+00:00
860d8usGC0o,2024-03-28T05:53:21+00:00
89h3s9kKlQ4,2024-03-28T05:52:59+00:00
kMlkCYL9qo0,2024-03-27T17:39:55+00:00
rKnDgT73v8s,2024-03-27T17:10:01+00:00
wpnN3RIRSxs,2024-03-27T17:07:51+00:00
q9240p1hacc,2024-03-27T16:35:56+00:00
5An1sNznblQ,2024-03-27T16:33:28+00:00
 -QxI-RP6-HM,2024-03-27T16:33:19+00:00
ceCzPo7xxn8,2024-03-27T16:32:35+00:00
qQzrGffpIGI,2024-03-27T16:31:31+00:00
TdhXPsDXdAI,2024-03-27T16:13:09+00:00
5Z8skvm4g64,2024-03-26T15:15:03+00:00
SS19Q-_saCc,2024-03-26T15:01:35+00:00
flzlEmyxMs8,2024-03-26T06:03:33+00:00
PUPqnDYoMgU,2024-03-26T05:46:46+00:00
KAn1nIR_Tz4,2024-03-26T03:29:49+00:00
WVDQEoe6ZWY,2024-03-25T18:55:57+00:00
St5v2uI-Nis,2024-03-25T18:52:54+00:00
s8byh4MCJYw,2024-03-25T18:51:59+00:00
dSoP7EF2YJ4,2024-03-25T17:25:33+00:00
E-47VLwMY_U,2024-03-25T17:25:29+00:00
4EMcm9vzlnI,2024-03-25T17:25:25+00:00
Z0GX2mTUtfo,2024-03-25T17:25:13+00:00
DZ9banlCgF0,2024-03-25T17:15:38+00:00
C5NnVfbNpq8,2024-03-25T13:07:59+00:00
ts5lPDV--cU,2024-03-25T06:55:19+00:00
5tqaDRM2nvM,2024-03-25T06:34:54+00:00
7PAk1wsy3VI,2024-03-25T06:33:15+00:00
Sa5LbKqCmFI,2024-03-25T06:32:45+00:00
JwSEqEalg7E,2024-03-25T06:24:58+00:00
oD10LyQvhq0,2024-03-25T06:14:17+00:00
6gwF8mG3UUY,2024-03-24T20:30:10+00:00
hW5s_UUO1RI,2024-03-24T20:21:41+00:00
AYbqGS___Zo,2024-03-24T20:20:55+00:00
mlf7QYhXkdc,2024-03-24T18:41:25+00:00
 -xEycsoGoA8,2024-03-24T18:41:18+00:00
LgapXdYNqWE,2024-03-24T18:41:15+00:00
wJ6JP22YOUk,2024-03-24T18:37:39+00:00
p-tb1ZfkwgQ,2024-03-24T18:36:15+00:00
Jv2uxzhPFl4,2024-03-24T18:34:17+00:00
vO-_noflMzY,2024-03-24T18:25:03+00:00
4rLW7zg21gI,2024-03-24T18:22:34+00:00
EeYvFl7li9E,2024-03-24T18:09:25+00:00
MuwJJrfIfsU,2024-03-24T18:07:23+00:00
lkIFF4maKMU,2024-03-24T17:22:27+00:00
1QF-3dchcL8,2024-03-24T15:38:26+00:00
LjIe4w_-vzk,2024-03-24T15:37:15+00:00
wJGj0r8asws,2024-03-24T09:17:54+00:00
guYMUWpnRbo,2024-03-24T09:17:48+00:00
d3L2uPuxOxU,2024-03-24T09:17:42+00:00
 -D1gf3omRnw,2024-03-24T07:29:28+00:00
PCXwpLaQZ7s,2024-03-24T07:28:38+00:00
FDfIUvmUBnY,2024-03-24T07:25:45+00:00
vGxR98gI930,2024-03-24T07:17:20+00:00
saX3-PbF2qI,2024-03-23T08:01:35+00:00
KKQQn_lDuVQ,2024-03-23T07:51:21+00:00
9cC9x-ntNQY,2024-03-23T07:49:05+00:00
JECZTdEJnOI,2024-03-22T20:37:15+00:00
x7v6SNIgJpE,2024-03-22T20:34:46+00:00
ahCwqrYpIuM,2024-03-22T20:21:50+00:00
O2AC23B3ksc,2024-03-22T20:17:40+00:00
P7pICDfsfgM,2024-03-22T20:14:54+00:00
NXntFVjtg6c,2024-03-22T19:06:30+00:00
ughWQjchu0g,2024-03-21T20:05:56+00:00
3k-naobiNR0,2024-03-21T20:05:45+00:00
thObooXE2ys,2024-03-21T15:50:09+00:00
NDIU1GSBrVI,2024-03-21T15:31:26+00:00
EOampe5_ONM,2024-03-21T09:25:28+00:00
WoFlTjFZLk0,2024-03-21T04:32:22+00:00
XF2oalFBIRc,2024-03-21T04:32:17+00:00
YsdlcQoHqPY,2024-03-20T10:08:42+00:00
BSH8jBL4QfY,2024-03-20T05:42:48+00:00
NiljDyzAOcI,2024-03-19T20:22:40+00:00
b_ANHgTHNSI,2024-03-19T20:21:21+00:00
eoO0VNYekOY,2024-03-19T20:21:12+00:00
DAK_UT894sc,2024-03-19T18:35:24+00:00
7z0G_TmErT4,2024-03-19T18:35:16+00:00
B0WqrxTJjIk,2024-03-19T18:35:13+00:00
Px3hydIMdAc,2024-03-19T18:35:07+00:00
OdmSXXfknU8,2024-03-19T18:34:56+00:00
vqs_0W-MSB0,2024-03-19T18:30:38+00:00
HMwW7TWS3SM,2024-03-19T18:30:18+00:00
iKBGNDPIp-0,2024-03-19T16:45:10+00:00
eQObpgYUwxM,2024-03-19T16:45:03+00:00
KXJSjte_OAI,2024-03-19T16:42:18+00:00
JgxCY-tbWHA,2024-03-19T15:14:43+00:00
JJ9fkYX7q4A,2024-03-19T07:27:03+00:00
ZibsO2doQjU,2024-03-18T21:12:13+00:00
ZbjJYM_vxeU,2024-03-18T20:44:16+00:00
784JWR4oxOI,2024-03-18T16:26:59+00:00
MraEYwI9C5o,2024-03-18T16:26:54+00:00
P1cJJMLMEKk,2024-03-18T16:26:38+00:00
M7gk3sosPLs,2024-03-18T16:26:25+00:00
K62EMzueWwA,2024-03-18T16:21:11+00:00
5zlfJW2VGLM,2024-03-18T16:21:02+00:00
BeuNvhd1L_g,2024-03-18T16:20:23+00:00
DIzouoy13UM,2024-03-18T16:20:16+00:00
oN9_kAV4YaA,2024-03-18T16:20:13+00:00
Htwj4jJQeRc,2024-03-18T16:20:04+00:00
Mlbyft_MFYM,2024-03-18T16:19:51+00:00
hWpl0uXmYGY,2024-03-18T16:19:43+00:00
qDg_3eqssig,2024-03-17T15:52:47+00:00
ihp2twFPfG4,2024-03-17T15:33:48+00:00
CK5rLpZk5A8,2024-03-17T12:24:23+00:00
E9HxrW5yivs,2024-03-16T10:24:13+00:00
oXcCAAEDte0,2024-03-16T10:22:30+00:00
qN_2fnOPY-M,2024-03-16T10:22:19+00:00
iLFMeauv4Jw,2024-03-15T08:51:16+00:00
OG5-tV7CHec,2024-03-15T08:49:26+00:00
azmiFHS6Rcw,2024-03-14T16:32:20+00:00
_gQaygjm_hg,2024-03-14T16:32:10+00:00
VHjJ0C2BPbk,2024-03-14T16:30:19+00:00
T_wEmB5MapE,2024-03-14T16:29:55+00:00
vEd-LqBCONg,2024-03-14T16:29:15+00:00
UrcwDOEBzZE,2024-03-14T16:26:44+00:00
mAUpxN-EIgU,2024-03-14T16:26:21+00:00
IUQlYbKwiWg,2024-03-14T16:26:18+00:00
5mMpM8zK4pY,2024-03-14T16:26:10+00:00
dxPakeBsgl4,2024-03-14T16:24:26+00:00
uEl2KUZ3JWA,2024-03-14T16:24:12+00:00
_K-eupuDVEc,2024-03-14T16:24:05+00:00
RqfaTIWc3LQ,2024-03-14T10:22:55+00:00
sGZ6AlAnULc,2024-03-14T10:22:47+00:00
 -syj6kFf6e4,2024-03-14T09:48:32+00:00
5LX1bA7HCvc,2024-03-14T09:12:20+00:00
OEcWX3zZip0,2024-03-14T09:12:13+00:00
kZVt_OmD-tI,2024-03-14T09:12:05+00:00
rIrNIzy6U_g,2024-03-13T11:32:46+00:00
zn3V7X8gUq4,2024-03-12T14:05:34+00:00
KUxRwBAkqgo,2024-03-12T07:17:57+00:00
VSxF0bb-JH4,2024-03-12T04:33:53+00:00
T5t46vuW8fo,2024-03-12T04:33:42+00:00
8pqgv4_Yjq0,2024-03-11T08:36:09+00:00
sl3vJrgvU-U,2024-03-11T03:22:53+00:00
16hcmz0j3dg,2024-03-11T03:22:16+00:00
GjkQNAZbxKY,2024-03-09T18:28:37+00:00
pPStdjuYzSI,2024-03-07T18:48:58+00:00
0BdePS7dx1I,2024-03-07T16:31:54+00:00
imqiYWidUIA,2024-03-07T16:31:42+00:00
W8kBnlDe4Ls,2024-03-07T14:56:04+00:00
YHVNWtBuDVk,2024-03-07T04:16:25+00:00
K1iu1kXkVoA,2024-03-07T04:15:58+00:00
EV8-D632UZQ,2024-03-06T19:09:41+00:00
N8fjU_hlwDI,2024-03-06T14:00:14+00:00
OHvfgaDl-yY,2024-03-06T03:01:57+00:00
Zh6WhBFffgA,2024-03-06T03:01:47+00:00
VdIhKjdjfAs,2024-03-06T01:25:28+00:00
qyM8Pi1KiiM,2024-03-06T01:25:14+00:00
WpMwuo13-7w,2024-03-05T13:42:20+00:00
Ihm53yWftI8,2024-03-05T13:05:07+00:00
enMwynDLbY4,2024-03-05T13:04:50+00:00
FaW3C3kT8gA,2024-03-05T12:41:06+00:00
EzTxYQmU8OE,2024-03-05T12:40:55+00:00
ul0QsodYct4,2024-03-05T12:29:17+00:00
BnLSNf_KiPc,2024-03-05T10:14:14+00:00
QkV3xlxdF_0,2024-03-03T14:25:17+00:00
v8-yeWXCsi4,2024-03-03T09:17:51+00:00
h2FDq3agImI,2024-03-03T09:14:49+00:00
BQUkb4oMZ14,2024-03-02T18:28:58+00:00
IHQcma93fpE,2024-03-02T18:28:23+00:00
qyG-xWjNZKU,2024-03-02T18:28:11+00:00
5OJRqkYbK-4,2024-03-02T06:23:06+00:00
N3o5yHYLviQ,2024-03-01T21:36:39+00:00
q-_ezD9Swz4,2024-03-01T21:06:57+00:00
y_1-hOBcLas,2024-03-01T16:29:58+00:00
_QPTZRXP-I8,2024-03-01T03:42:37+00:00
2h046Kgty9I,2024-02-29T16:10:27+00:00
32dE22MpK30,2024-02-29T15:42:17+00:00
NOfUCMzBNVg,2024-02-29T15:13:26+00:00
Y2iJOPxw0JU,2024-02-29T12:04:18+00:00
TEMKKfQpY94,2024-02-29T10:58:06+00:00
EB4uGwholkI,2024-02-29T10:57:33+00:00
MhCHrvfAXlc,2024-02-28T10:32:50+00:00
T-D1OfcDW1M,2024-02-25T07:15:15+00:00
cZfIQdEbBwg,2024-02-24T17:18:22+00:00
oGHH5aJEgXQ,2024-02-23T14:32:12+00:00
yRAEQ9HRdbc,2024-02-23T13:03:28+00:00
qT14b1pxtiI,2024-02-22T10:08:18+00:00
Xl6SZ7yu3mg,2024-02-22T08:02:57+00:00
A0q8MngnXfM,2024-02-22T07:47:07+00:00
A0q8MngnXfM,2024-02-22T07:47:03+00:00
Gd7_el51BmA,2024-02-22T07:39:12+00:00
U9mJuUkhUzk,2024-02-20T19:17:39+00:00
VzBGi_n65iU,2024-02-20T18:11:33+00:00
ny_Ue6WrVkg,2024-02-20T04:28:38+00:00
8wysIxzqgPI,2024-02-17T21:00:59+00:00
kp3fCihUXEg,2024-02-17T19:35:31+00:00
M_edImKoEt8,2024-02-17T19:35:21+00:00
6omuUOZcWL0,2024-02-17T19:34:47+00:00
lf_kiH_NPvM,2024-02-16T04:15:06+00:00
bj77B59nkTQ,2024-02-15T18:30:53+00:00
fknamfNtKk0,2024-02-15T18:27:17+00:00
f1qlvtKq9Zs,2024-02-14T15:55:08+00:00
3uEIJ3GsZ9g,2024-02-07T09:30:19+00:00
hf27qsQPRLQ,2024-02-01T03:02:27+00:00
oIur9NATg-I,2024-01-31T17:47:45+00:00
VRlIGV4gl5Q,2024-01-31T17:47:18+00:00
ADJKbuayubE,2024-01-29T19:06:20+00:00
EjCMiM65WSY,2024-01-28T17:25:56+00:00
y9n8axPf-8U,2024-01-27T14:33:36+00:00
TANCHT6uht0,2024-01-27T14:33:25+00:00
5wQmbO_A61Y,2024-01-27T05:37:22+00:00
Ty47CM1jkyo,2024-01-27T05:37:16+00:00
zXBEJzAaHY8,2024-01-26T21:27:07+00:00
1dVSudmc2DA,2024-01-26T14:17:04+00:00
WQ61RL1GpEE,2024-01-23T18:58:19+00:00
t8ane4BDyC8,2024-01-22T15:23:15+00:00
Ttg9hezH-V0,2024-01-22T15:07:23+00:00
8czBEAn2pMg,2024-01-22T15:06:59+00:00
d-Eq6x1yssU,2024-01-22T12:47:34+00:00
Zp8zlCSGWN8,2024-01-22T09:16:30+00:00
NwijBVfiK_o,2024-01-21T14:40:08+00:00
tMtFZdaaIhk,2024-01-20T17:55:50+00:00
_M-xELrWTQ0,2024-01-20T17:16:01+00:00
jihkIe4_AGI,2024-01-20T17:15:41+00:00
CpEfHhSpQrw,2024-01-20T17:13:17+00:00
s8Q2aj8YiCY,2024-01-20T05:24:53+00:00
6nz8GXjxiHg,2024-01-20T05:24:47+00:00
nrN3Gq1A92Y,2024-01-20T05:23:55+00:00
3WAEQ-zKAqg,2024-01-19T12:25:10+00:00
JG9lGCybKWM,2024-01-18T20:09:28+00:00
fOnUAAUXC1E,2024-01-18T20:08:30+00:00
MNAq3M5yQVo,2024-01-18T20:08:18+00:00
zQUYsMYElC0,2024-01-18T20:07:44+00:00
F7sPauKsZXw,2024-01-17T21:30:43+00:00
Gc4Xh8u19NU,2024-01-17T07:12:43+00:00
PHsC_t0j1dU,2024-01-16T22:16:12+00:00
oQiEZ8adag0,2024-01-16T22:16:01+00:00
AqIkkAJl8gE,2024-01-16T12:50:08+00:00
qthkkHPNAYQ,2024-01-15T23:39:53+00:00
A60q6dcoCjw,2024-01-15T23:39:46+00:00
gUmagAluXpk,2024-01-15T20:59:45+00:00
je_PhVKJYng,2024-01-15T20:39:21+00:00
mfw5SsDfDcM,2024-01-15T20:38:29+00:00
0UvA7zvwsmg,2024-01-15T20:38:20+00:00
OhzcCsR_EO0,2024-01-15T20:36:05+00:00
f5MpjDtnFP4,2024-01-15T20:35:47+00:00
2JmfDKOyQcI,2024-01-15T20:35:16+00:00
Nx4bvwU0DqE,2024-01-15T20:35:11+00:00
uhuTWQYgPIw,2024-01-15T20:34:58+00:00
hNPwdOZ3qFU,2024-01-15T20:34:39+00:00
70j3UJO-_uY,2024-01-15T20:34:30+00:00





